1,2,3,4,5,6,7,8,9,10,11,12,13,14,,16,17,18,19,20,21,22,23,24,25,26,27
alles/1,Absicht/1,Papieren/1,Bedingungen/2,Feigheit/1,Alfred Hayes/1,$/2,Abhängiger/1,Arm/1,Annahme/1,Antisemit/1,allein/1,Academie/1,angenehm/1,,Adresse/7,Fortsetzung/1,Abreise/3,Formulierungen/1,550 Seiten dick/1,Beerdigung/2,30. Jun/1,Advokaten/2,Eltern/1, Roman/1,Jun/1,Abschied/2
alltägliche/1,Angst/2,Protestieren/1,Beitrag/1,Feind/2,amerikanisch/1,£/2,Menschheit/1,belasten/1,annehmen/1,Antisemiten/1,aufreibend/2,Kahler/1,Bestrebung/1,,Adressen/1,Vorabdrucke/1,Spanien/1,Reife/1,Titel/1,Selbstmord/1,Abschied/1,Auflösung/1,Papa/1,Artikel/1,1932/1,Landshoff/2
Alten/1,beklommen/1,Abscheulich/1, Aufnahme/1,/1,Ausgabe/1,100 Lire/1,Adolf/1,besser/1,Anspruch/1,antisemitische/1,beklommen/1,Roman/1,de Gaulle/1,,Antwort/3,erscheinen/1,Aegypten/1,Worte/1,Abschreibarbeit/1,ausrotten/1,anrufen/1,Auftrag/1,Sohn/2,Autoren/2,Amsterdam/1,Allerherzlichste/1
Arbeit/2,Die Zeiten/1,Adresse/1, Interesse/1,1914/1,Buch/1,1937er Chevrolet/1,Aenderung/1,Bett/1,appellieren/1,Antisemitismus/1,berühren/1,Titelfrage/1,Frieden/1,,Bahn- und Postverbindung/1,Abonnenten/2,Amerika/3,Aenderungen/1,André Gide/1,begangen/1,Barbarei/1,Austritt/1,Tochter/1,Buch/1,August 1914/1,Amerikaner/1
arbeite/4,Existenz/1,Regierung/1,Bermann/2,Flüsterpropaganda/1,Film/2,2000.- Tantiemen/1,Amerika/1,erholen/1,aufzunehmen/1,Denunziationen/1,beunruhigend/1,Worte/1,gehungert/1,,Brief/22,Angebot/1,Amsterdam/2,Anmaßung/1,Anekdoten/1,erschossenen/1,Deutschland/1,avoué/1,Vater/1,Buches/1,Ausbreitung/1,Anlehnung/1
arbeiten/1,Frieden/1,Regime/1,Bestseller/1,Führer/2,Filmangelegenheiten/2,300/1,Amerikaner/1,erholt/1,Ausweg/1,Diaspora/1,Enttäuschung/1,Wunschkind/1,German Department/1,,Briefe/9,Anzeigen/2,Ankunft/1,Anstoss/1,Anregung/1,leid/1,dezimiert/1,Bezahlung/1,,Cliquen/1,Dauerzustand/1,Ansicht/2
Aushalten/1,fühlst/1,Amerika/1, Rowohltverlags/1,1929/1,Filmsache/1,500-600 Mk/1,Angriff/1,Erholung/1,bat/1,Emigranten-Judenbetrieb/1,Existenz/1,Interesse/1,geschaffen/1,,Brieflein/1,Artikel/4,Apr/1,Artikel/2,Anthologie/2,sterben/1,drangsaliert/1,Brief/1,,Drama/1,Deutschen/2,Anstoss/1
auszuhalten/1,furchtbar/1,Repressalien/1,Beziehung/1,Gas/1,Hollywood/1,Angebot/1,Anhängerschaft/1,gebrochen/1,beansprucht/1,emigrierten Juden/1,furchtbar/2,literarischen/1,gut geht/1,,Briefschreiber/1,Aufsatz/3,Aufenthalt/1,Aspekt/1,Arbeit/5,verloren/2,drücken/1,erkundigt/1,,Emigranten/1,einmarschiert/1,Antwort/2
beim/1,fürchte/1,Rom Florenz Neapel/1,Biographie/2,Generälen/1,italienische/1,Angelegenheit/1,Antidiktatorianer/1,gesund/1,bedroht/1,Goebbels/1,gehungert/1,Adolf Hitler/1,Krieg/2,,bekommen/2,Literaturblatt/1,Ausflug/1,Aufrichtigkeit/1,Arbeiten/2,,erschossen/1,Friedenthal/1,,Emigration/1,ersaeufen/1,Arbeit/1
bequem/1,Grauen/1,Schiffe/1,Blatt/2,Gesetz/1,Paisano/1,anständiges/1,Friedenszustand/1,Gesundheit/1,Bedürftigen/1,Herkunft/1,Herz/1,Der Holländer/1,Lehrbuch/1,,Briefwechsel/1,Ausgabe/1,Jun/1,Ende/1,Kapitel/1,,fand/1,honoriert/1,,Geheimamputierer/1,Europa/2,Fehlbitte/1
Besprechungen/1,grausige/1,Angst/1,bringen/1,1932 verlassen/1,screen play/1,Anzahlung/1,Antikommunismus/1,gesundheitlich/4,behilflich/1,Jude/2,Jammer/1,Agent/1,Leute/1,,erhalte/1,Literaturblattes/1,Ausland/1,Aufsatz/1,Arbeitswut/1,,Gefängnis/1,innerhalb/2,,Georgepreis/1,Exekution/1,Arbeiterschaft/1
besucht/1,Krieg/1,Schreit/1,Bogen/1,Gesetze/1,Unternehmen/1,arbeiten/1,Fürsprecher/1,ginge/1,beunruhigt/1,Juden/6,Kopf/1,Dialekt/1,Mensch/1,,erhalten/1,Vorabdrucks/1,Kalifornien/2,Entwicklung/1,Kinderroman/1,,Geheimamputierer/1,kämpfe/2,,Gerechtigkeit/1,fürchte/1,Feind/1
bleibe/1,leidige/1,Sicherheit/1,Bruno Cassirer/1,Gesetzlosigkeit/1,,ärmer/1,Menschlichkeit/1,gut/3,Beziehungen/1,Judengeschmeiss/1,Kraft/1,Kapitel/4,Nach-Nazi-Deutschland/1,,erreichen/1,Louvre-Aufsatz/1,St Cyr/1,Reize/1,Uebersetzerin/1,,Gestapo/1,Konsul/1,,Göebbels/1,Hitler/1,Leben/1
blicken/1,nicht schlafen können/1,Telephons/1,Buch/12,Gewalten/1,,aufkommen/1,Gau- und Propagandaleitern/1,körperlich vollkommen hergestellt/1,Bitte/1,jüdisch-militant/1,Krieg/1,Dichter/3,nachher/1,,Couvert/1,Magazin/1,Koffern/1,Erfolg/1,Korrektur/3,,Göbbelsagent/1,Landshoff/1,,Intervention/1,Hollaender/1,Frau/3
Brief/1,Notwendigkeit/1,Auslande/1, erscheinen/1,Adolf Hitler/1,,aufzutreiben/1,Gerechtigkeit/1,körperlich/1,bitte/3,jüdisch/1,Leben/1,Die Kinder von Gernika/1,Nachkriegszeit/1,,gesandt/2,Manuskripts/1,Korea/1,Erscheinen/1,Korrekturen/2,,hässlichsten/1,London/1,,kastriert/1,Kleinkrieg/1,Freuen/1
bringt/1,Schauernachrichten/1,Uebersendung/1,Buches/3,Göbbels-Gehilfen/1,,ausgeblutet/1,Geschichtsphilosophisch/1,krank/4,bitten/3,jüdische/1,miserabel/1,Diskussionen/1,pastoral/1,,gesandte Exemplar/1,Medium/1,Küste/1,Fassung/1,Kritik/1,,Jude/1,mitgeteilt/3,,Kulturpäbste/1,Konkordats-Autor/1,Freund/7
eintreffen/1,schlimme/1,Versuch/1,Buecher/1,Hammerstein/1,,Auszahlung/2,Antikommunisten/1,kroch/1,Collecte/1,Jüdischem/1,miserabler Form/1,Alfred Döblin/1,Schaffung/1,,Ereignis/1,Basler Nationalzeitung/2,Bad Homburg/1,Ausgabe/1,Auftrag/1,,KZ/1,Organisation/1,,Linke/1,Krieg/1,Argentinischen Tageblatt/1
es war kühl/1,Schreckangst/1,Verwandten/1,Buero/1,Haussuchung/1,,Bedürftigen/1,Antistalin/1,leidend/2,darum bitten/1,jüdischen Rasse/1,mitgenommen/1,Alfred Neumann/1,schön/1,,geschrieben/2,Monatsrevue/2,Badenweiler/1,Autor/2,Auseinandersetzung/1,,Lande/1,Papiere/1,,Liste/1,Kriege/1,Aufklärung/1
existieren/1,Umständen/1,Volk/2,Büchel/2,Heil -Rufe/1,,beliefe/1,Gesellschaft/1,mitgenommen/1,Entgegenkommen/1,jüdischen/2,Mühe/1,Doeblin/1,Unruhe stiften/1,,Karte/1,Neuen Rundschau/1,Land/1,Figur/1,König Haber/1,,legalen/1,Pass/1,,Literatur/1,Krieges/1,Freunde/3
feiern/1,ungerecht/1,Vulgärantisemiten/1,Bücher/8,Heil Hitler/1,,besitze/2,Glauben/1,Nerven/1,fest rechnen/1,Kritik/1,niedergedrückt/1,Dostojewskikopie/1,Verbindung/1,,Korrespondenz/1,Beitrag/2,London/4,Freude/2,Lehrer Taussig/1,,Leute/1,Rekonstitution/1,,manipulierten/1,marschierten/1,Freunden/2
Feiertag/1,ungewisser/1,Auslassung/2,unterhandelt/1,Adolf/1,,beträchtlicher/1,Grundprinzip/1,nicht gut/1,Freunde/3,Kultur/1,Ruhe/1,Dramatiker/1,vernehmen/1,,Landbriefträgers/1,Blattes/2,Marseille/1,Frk Zeitung/1,Lektüre/1,,Massen-Mordes/1,Schreiben/1,,Meinungen/1,Nachrichten/1,Freundin/1
Freund/1,unglücklichen/1,Bevölkerung/1,Übersetzungsrechte/1,Alliierten/1,,bezahle/1,Gruppe/1,Niere/1,Fürsprech/1,Opfer/1,traure/1,Eignung/1,Weltkrieg/1,,mitsenden/1,Neuen Tage-Buch/1,Meer/1,Gedicht/1,Lösung/1,,Massen-Raub-Mordes/1,Sekretaerin/1,,mitamputiert/1,Offensive/1,Freundlichen/1
Frühling/1,unsicher/1,Denunziationen/1,/1,Amsterdam/1,,Bezahlung/1,Arbeit/1,Operation/2,geholfen/1,Produktion/1,traurig/1,André Gide/2,Werkzeug/1,,nachgesandt/1,Nouvelle Revue Française/1,Basel/2,Autoren/2,Autor/1,,Menschen/1,telefonisch/1,,Namen/1,Pacelli/1,Aufsatz/1
fühle/1,verabscheue/1,Weg/1,Büchern/2,Herrn von Killinger/1,,billig/2,Gruppierung/1,schlecht geht/1,geopfert/1,Rasse/1,trüb/1,Entwicklung/1,,,nachgeschickt/1,Polemik/1,Mittelmeerreise/1,Geschichte/1,Magazin/1,,Mordliste/2,Telegramm/1,,Nazi/2,Polen/1,Freundlichkeit/1
ganzen/1,Verkettung/1,Widerstand/2,Cassierer/1,Hintertreppe/1,,billiger/1,Haltung/1,zerschlagen/1,gerettet/1,Sauberkeit/1,Umstände/1,Erasmus/1,,,Nachricht/1,Prager Aufsatz/1,Mär/1,Geschwätzes/1,Manuskripte/1,,Nachrichten/1,Unterhandlungen/1,,Nichtamputierten/1,politischen/1,Freundschaft/1
geblieben/1,versehen/1,Widerstandes/1,Chancen/1,Hitler-Regimes/1,,Collecte/1,Armen/1,Zustand/1,Hebel/1,Volk/1,Ungewissheit/1,Anekdoten/1,,,private/1,Preisnovellen/1,Belgien/1,Bedenken/1,Balzac/1,,Nazi/1,Unterschrift/1,,Ober-Nazi/1,Provinzen/1,Auseinandersetzung/1
Gedanken/1,widerstrebe/1,Deutschland/2,2000.- Tantiemen/1,Antiliteratur-Gesetze/1,,Defizit/1,Bewusstwerdung/1,,helfen/2,Völk/1,Unglück/1,Arbeit/1,,,registered mail/1,Chefredakteur/1,Cannes/1,Beifall/1,Buch/7,,Nazis/1,Verbands/1,,politisch/2,ringsum/1,Bekannten/3
geistig/1,zumute/1,alle deutschen Emigranten/1,Combines/1,Hitler/3,,DM-Hälfte/1,Aufklärung/1,,Hilfe/1,Würdeloseres/1,versagt/2,Anna Seghers/1,,,schicke/1,Prospekte/2,Berlin/4,Bedeutung/1,Biographie/1,,Postanstalt/1,Verlag/1,,Recht/1,schlimme/1,Ausflüge/1
gemeldet/1,,berichten/1,Copernicus/1,Hitlergruß/1,,DM/2,Barbarenführers/1,,Hilfsbereitschaft/1,,verzögern/1,Anthologie-einleitung/1,,,schicken/4,Redaktion/2,Brasil/1,Begriffen/1,Brief/1,,Reisepapiere/1,Visum/1,,Roman/1,schlimmen/1,Bedauern/1
geworden/1,,chauvinistisch/1,Diskussion/1,Hitlers/1,,Dollars/1,Bloschewismus/1,,Honorarvorschuss/1,,Verzweifeln/1,Arnold Zweig/1,,,schickt/1,Renoir-Aufsatz/1,Cape Cod/2,Beispiel/1,Buches/1,,schiesst/1,vorgelegt/1,,schreibe/1,Schrecken/1,Bernstein/1
Herbst/1,,Emigrantenclique/1,Absage/4,Antiliteratur/1,,Einnahmen/1,Bolschewiken/1,,kameradschaftliches/1,,warten/1,Aufsatz/3,,,Paket/1,Replik/1,,Beitrag/1,Buchform/1,,Schlechte/1,wegen/1,,Tagebuch/1,Terror/1,Bewerbung/1
ich will/1,,deutschen/1,Druckbogen/2,Jude/2,,enorm/1,Heimat/1,,Kräften/1,,Weltkrieg/1,Ernst Toller/1,,,schreib/1,Druck/1,München/3,Gesellschaft/1,Material/1,,Schreckenangst/1,Wochen/2,,Trennungsschnitt/1,Tod/1,Gattin/1
installiere/1,,einsam/1,Drucksache/1,Juden/1,,ernähren/1,Herrschaft/1,,Lage/1,,widerstrebe/1,Ernst Weiss/2,,,schreibe/1,Emigrantenbücher/1,N.Y/3,Gesellschaftsroman/1,Mein/1,,Schwierigkeiten/1,Wohnung/1,,unleserlich/1,verabscheue/1,Gedanken/3
je/1,,emigrieren/1,Eignung/1,KZ/1,,erscheinen/1,Humanität/1,,lieb/1,,zerstört/1,Erscheinen/1,,,schreiben/5,Reprints/1,New Amsterdam/1,Gesinnungsterror/1,Montaigne/1,,Situation/1,,,Verbohrtheit/1,verlorene/1,Gehässigkeit/1
Korrespondenz/1,,Emigrantengruppe/1,Adresse/2,Artillerie/1,,Existenzaufbau/1,Brotkarten/1,,materiellen/1,,,Ausgabe/1,,,Pakete/1,Revue Heb/1,Dez/1,Bemerkungen/1,Bücher/2,,staatenloser/1,,,verboten/1,Welt/1,Beziehung/2
Leben/2,,Emigrantentanz/1,Agent/1,Auslandserfolg/1,,fehlt/2,Hässliches/1,,nicht zu teuer/1,,,Essay-Band/1,,,schreibt/1,Revue d'Allemagne/1,New York/4,Gesittung/1,Mühe/1,,steckt/1,,,Werk/1,wirtschaftlichen/1,Gemeinschaft/1
liefen/1,,fahren/1,Einsendungen/1,Krieg/1,,Filmrechtpreise/1,Bürgertum/1,,Nützlicher/1,,,Autor/6,,,schrieb/1,Revue hebdomadaire/1,Edinburgh/2,Berlin/1,Büchern/1,,Sterben/1,,,Wirtschaft/1,Zusammenbruch/1,Beziehungen/1
Möglichkeit/1,,Emigration/5,Agenten/2,Ausrotter/1,,finanziellen/1,Intellektuellenkonferenzen/1,,Referenz/1,,,Felix Salten/1,,,Papier/2,Rezension/1,Nice/2,Goebbelscliquen/1,Napoléon Trois/1,,Urteil/1,,,Zensuren/1,,Geschmack/1
Neunuhrbettstunde/1,,Emigrieren/1,Albin Michel/1,Berlin/1,,finanzieren/1,Intellektueller/1,,schwerer/1,,,Figur/2,,,Post/6,F.Z/3,Nordafrika/1,Gültigkeit/1,Neuer Cäsar/1,,Vater/1,,,,,Gesinnung/1
New York/1,,Freiheit/1,Allert de Lange Verlag/1,Berliner Wohnung/1,,frcs/1,Irredentisten/1,,stützen/1,,,Figuren/2,,,sende/1,Feuilletonredaktion/1,Norden/1,Handlung/1,Neugier/1,,verboten/1,,,,,Gespraech/2
New Yorker Dampfbad/1,,Gesinnungsterror/1,Allert de Lange/1,Bevölkerung/1,,frs/1,Israel/1,,Trost/1,,,Franz Werfel/1,,,Posttasche/1,Tageszeitung/2,Oesterreich/2,Haupttitel/1,Novelle/3,,Verdruss/1,,,,,Glücksfall/1
Paris/1,,Gestaden/1,Anbieten/1,Deutlichkeit/1,,gehabt/1,Jahre/1,,verschaffte/1,,,Frey/1,,,senden/1,Heft/1,Orte/1,Identifizierung/1,Novellen/1,,verfolgt/1,,,,,Grüsse/2
real/1,,fehlen/1,Emigrantenpresse/1,Kulturpolitik/1,,Geld/14,C. F. Ramuz Taille de L'Homme/1,,Verständnis/2,,,Autoren/2,,,zurueck sende/1,Titel/1,Eindrücke/1,Beste/1,Chancen/2,,vermissen/1,,,,,Bitte/1
regnet/1,,fortkomme/1,Emigrantenverlagen/1,Land/1,,gerechnet/1,Jefferson/1,,versuchen/1,,,Gedicht/1,,,zurückzusenden/1,Hefte/1,Oslo/1,Juden/1,Objekt/1,,VerrÃ¤ter/1,,,,,Gute/1
Rummel/1,,Grenzübertrittserschwerungen/1,Anekdoten/1,Deutschem Wort/1,,geschickt/1,Katastrophe/1,,Vertrag/1,,,Gedichte/1,,,Postverbindung/1,Journalisten/1,Paris/10,Kapitel/1,Pathetic Symphony/1,,Volk/2,,,,,Gutes/1
sahen/1,,geflüchtet/1,Erfolg/1,Legitimations-Sucht/1,,gewappnet/1,Kern/1,,verzweifelt/1,,,Georg Hermann/1,,,Rücksendung/3,Verlag/5,Pariser Adresse/1,Kesten/1,Pirandello/1,,weiﬂ/1,,,,,Göbbelsagenten /1
Schnee/1,,Hilfkomitee/1,Angebot/1,Deutschen/2,,Gulden/2,Christ/1,,willkommen/1,,,Babylonische Wanderung/1,,,zusenden/1,Verlagszeitschrift/1,Ereignisse/2,Bestätigung/1,Darstellungen/1,,wissen/1,,,,,Bitten/1
schwerer/1,,hässlichen/1,Erfolge/1,Macht/1,,habe/1,Kleinbürgertum/1,,wohnen könnten/1,,,Gesamtwerks/1,,,zuzusenden/1,Version/1,Pensionen/1,Klassiker/1,Programm/1,,wohin/1,,,,,Haus/1
sehen/1,,jüdisch/1,Erscheint/1,Mikrobenkriegs/1,,hinfahren/1,Klima/1,,,,,Geschichte/1,,,Schreiben/4,Veröffentlichung/1,Pläne/1,Korrekturen/1,Prosa/1,,,,,,,Herz auszuschütten/1
Sehnsucht/1,,Holland/1,Annahme/1,Deutschland/7,,Honorar/2,Christentum/2,,,,,Beer-Hofmann Max Brod/1,,,übersenden/2,Vorabdruck/1,Europa/3,Buch/6,Der Patriot/1,,,,,,,Breitbach/1
seit/1,,klagen/1,Erscheinungstermin/1,Mikrophon/1,,Honorare/1,Demokratie/1,,,,,Bel Ami/1,,,Schreibens/1,Leserbrief/1,Exemplar/1,Buches/1,Drucker/1,,,,,,,Brief/2
sinnloser/1,,lebt/1,Erstauflage/2,Minierarbeit/1,,honoriert/2,Kommunismus/1,,,,,Geschichten/1,,,Telegramm/1,Weisser Blätter/1,Portugal/1,Kult/1,Publikum/1,,,,,,,Herzen/3
Sommer/2,,Häuschen/1,Anteil/1,Diaspora/1,,je/1,Kommunist/1,,,,,Geschmack/1,,,Uebersendungen/1,Zeitschrift/6,Princeton/1,Kurzgeschichten/1,Quellenmaterial/1,,,,,,,Herzlich/1
Sonne/1,,Judenbetrieb/1,Anthologie/4,Diktaturtechnik/1,,Kalkulazion/1,Demokratien/1,,,,,Berichte/1,,,Versprochenen/1,Zeitschriften/1,Fahrt/1,Bände/1,Druckerei/1,,,,,,,Cliquen/1
Sonntagnachmittag/1,,Kriege/1,Arbeit/2,Dritten Reich/1,,kaufen/1,Kommunisten/1,,,,,Gesellschaftssatire/1,,,Zeilen/1,Zeitung/3,Programm/1,Literatur/1,Reihe/1,,,,,,,Herzliche/2
Tag/1,,Mensch/1,Aurora-Verlages/1,Durchdringung/1,,kein/2,Kommunistisch/1,,,,,Goethe/1,,,adressiren/1,Zeitungen/1,Provence-Luft/1,Manuskript/2,Roman/15,,,,,,,Hypokriten/1
Tage/1,,Mär/,Ausgabe/7,Dynamit/1,,kommen/1,Kongress/1,,,,,Gogolscher/1,,,antworte/1,druckreif/1,Reise/5,Meinung/1,Romane/1,,,,,,,Ihnen/6
teurer/1,,nach/1,Exemplar/2,Mord/1,,Konkurrenz/1,Demut/1,,,,,Bestseller/1,,,beilege/1,erscheinen/3,Fichtenwälder/1,Bücher/2,Ende/1,,,,,,,CÈline/1
traf/1,,reizend/1,Exemplare/1,Nation/1,,Kostenpunkt/1,Despotismus/1,,,,,Biographie/1,,,,erscheint/1,Fiesole/1,Bürgertum/1,Erasmus/1,,,,,,,Dank/1
tun/1,,seit/1,Exemplaren/1,Nationalsozialismus/1,,kostet/1,Konvention/1,,,,,Gotik/1,,,,erschienen/2,Reisen/1,Meisterstück/1,Romanfiguren/1,,,,,,,Ihr Brief/1
verlassen/1,,sentimental/1,Fassung/1,Nazi-Presse/1,,leisten/1,Kostbarkeit/1,,,,,H. E. Jacob/1,,,,gedruckt/1,Reisepläne/1,Mentalität/1,Romans/1,,,,,,,Ihre/1
vier Wochen/1,,unglücklich/1,Fischer/3,Nazi/1,,Maezene/1,Deutschland/2,,,,,Bruno Frank/1,,,,gekürzt/1,Fischer/1,Cliquen/1,Erzählung/3,,,,,,,Deutschen Bürgertum/1
Weihnachten/1,,N.Y/1,Auslieferung der Bücher/1,Emigration/1,,mehr/1,Kultur/1,,,,,Halb-Tragödie/1,,,,herausgebracht/2,Reiseroute/1,Missfallen/1,Satire/1,,,,,,,Ihren letzten Brief/1
weitermachen/1,,unmenschlich/1,Fortsetzung/1,Nazipresse/1,,Millionäre/1,Deutschtum/1,,,,,Buch/16,,,,honoriert/2,Florenz/4,Darstellung/1,Erzählungen/1,,,,,,,Diskussion/1
wir waren/1,,verlassen/2,Gesamtwerks/1,Nazis/2,,Mittel/2,Dogma/1,,,,,Buches/3,,,,literarische/3,Frankreich/2,Der Prager Aufsatz/1,Experiment/1,,,,,,,Divergenzen/1
wird/1,,versichert/1,Geschichte/2,Niederlagen/1,,Nachzahlung/1,Ende des Menschen/1,,,,,Buchklub/1,,,,publizieren/1,Frankreichs/1,Detail-Einwände/1,Extrakt/1,,,,,,,Dr. Alemann/1
wohlzufühlen/1,,vor/1,Gesellschaftsroman/1,Oesterreichs/1,,nicht zu teuer/1,Kunst/1,,,,,Handlung/1,,,,veröffentlicht/1,Rio/1,Missverständnis/1,Satz/1,,,,,,,Ihren/1
wohnen/1,,zurückkehren/1,Gide/2,Opfermutes/1,,Pfennig/1,Erben/1,,,,,Buchs/1,,,,,Gasthof Gassnerbräu/1,Dichtung/1,Faehigkeiten/1,,,,,,,Drück/1
Wunsch/1,,Naturalisierung/1,Autobiographie/1,Ende/1,,Preis/1,Ethik/1,,,,,Buecher/2,,,,,Geht/1,Diskussion/1,Figur/1,,,,,,,Einladung/1
Zeit/1,,Nazi/1,Autor/1,Entsetzen/1,,reich/1,Lebensbejahung/1,,,,,Hauptmann/1,,,,,Rom/1,Mögen/1,Schock/1,,,,,,,Irrtum/1
Zukunftspläne/1,,New York/1,Autoren/3,Entwicklung/1,,Reichsmark/1,Europa/1,,,,,Bände/1,,,,,Geld/2,Doktrinen/1,Format/1,,,,,,,Einladungsliste/1
Zusatzverpflichtung/1,,Opfer/2,BC 's Bruno/1,Europa/1,,reingelegt/1,Lebensfreude/1,,,,,Heinrich Mann/2,,,,,Route/2,Niveau/1,Schreibe/1,,,,,,,Kannten/1
,,überschwemmende Zeitströmung/1,Grasset/1,Polen/1,,Reise/1,Faschismus/1,,,,,Bücher/5,,,,,Genf/1,Doppelseitigkeit/1,Französische/1,,,,,,,Emigranten/1
,,,Gustav Kiepenheuer Verlag/1,Polizei/1,,Schätzung/1,Fortschritt/2,,,,,Büchern/1,,,,,Geschäftsreise/1,Dostojewskikopie/1,Gedanken/1,,,,,,,Emma/1
,,,Harriet Schleber Verlag/1,Propagandaministerium/1,,schlechten/1,Leichtsinn/1,,,,,Held/1,,,,,Rueckkehr/1,Novelle/2,Schreiben/1,,,,,,,Kassandrismus/1
,,,Haupt-Rennsitzung/1,Rasse/1,,schweres Geld/1,Liebreiz/1,,,,,Herausgabe/1,,,,,Rundreisen/1,Novellen/1,Schubert/1,,,,,,,Kittl/1
,,,Herausgabe/2,Redner/1,,Sperrkonto/1,Fortschrittsglauben/1,,,,,Casanova/1,,,,,Heimat/1,Eindruck/1,Geheimamputation/1,,,,,,,Entschuldigung/1
,,,Herausgeber/1,Rednerpult/1,,Summe/3,Frau/1,,,,,Charakters/1,,,,,Heimkehr/2,Einwendungen/1,Geschichte/3,,,,,,,Entsetzen/1
,,,Honorare/2,Regierungswechsel/1,,teuer/2,Liste/1,,,,,Homer/1,,,,,Rückreise/1,Peguy/1,Seite/1,,,,,,,Klaus/1
,,,Honorarvorschuss/1,Regime/3,,teurer/2,Länder/1,,,,,Ina Seidel/1,,,,,San Gimignano/1,Personen/1,Sprachen/1,,,,,,,Kommunisten/1
,,,Interesse/1,Regimes/1,,Transfer/1,Freiheit/2,,,,,Céline Julien Green/1,,,,,Holland/1,Einwände/2,Gesellschaftssatire/1,,,,,,,Erfolg/1
,,,Jean-Jacques-Offenbach-Biographie/1,Reich/1,,überschlägiger/1,Mill/1,,,,,Karin Michaelis/1,,,,,Straßburg/1,Relativsätze/1,Umfang/1,,,,,,,Lebenszeichen/1
,,,Kiepenheuer/1,Reichstagsrede/1,,umsonst/1,Machtanteile/1,,,,,Interesse/1,,,,,Sanary/4,Preisnovellen/1,Stoff/2,,,,,,,Konstruktives/1
,,,Kliquenwirtschaft/1,Reichswehr/1,,verdienen/1,Majoritaet/1,,,,,Jaakob /1,,,,,Schiffe/1,Probleme/1,Talentprobe/1,,,,,,,Kontakt/1
,,,Konferenzen/1,Reichszugehörigkeit/1,,Verkauf/1,Freiheits- und Kulturbegriff/1,,,,,Darstellung/1,,,,,Hollywood/1,Emigranten-Belletristik/1,Gewohnheiten/1,,,,,,,Erinnerung/1
,,,Konvolut/1,Ressentiment/1,,Verlust/1,Freund/1,,,,,Der Borgese/1,,,,,In/1,Emigrantenblätter/1,Heine-Auswahl/1,,,,,,,Erinnerungen/1
,,,Kästner/1,Revolution/1,,verschaffen/1,Marx/1,,,,,Jakob Wassermann/1,,,,,Schiffsreise/2,Proletariat/1,Teufel/1,,,,,,,Kreise/1
,,,La condition humaine/1,SA/3,,wird/1,Massnahme/1,,,,,Jean-Jacques-Offenbach-Biographie/1,,,,,Seereise/1,Qualität/1,Textfehler-Entdeckungen/1,,,,,,,Kreisen/1
,,,Landshoff/2,SChläger/1,,zahlen/3,Meinungsführerschaft/1,,,,,Joseph Roth/2,,,,,Siena/1,Ratschläge/1,Theater -roman/1,,,,,,,Kummer/1
,,,Lektor/1,SS-Mann/1,,zahlt nicht/1,Menschen/1,,,,,Julius Kittl/1,,,,,Sizilien/1,Raum/1,Thema/1,,,,,,,Landauer/1
,,,Lektors/1,SS/1,,Zustand/1,Friedens/1,,,,,Der Gaugin/1,,,,,Israel/1,Emigrantencliquen/1,Idee/1,,,,,,,Erzählt/1
,,,Leserkreis/1,Scheiterhaufen/1,,,Moral/1,,,,,Kongress/1,,,,,Sueden/1,Revue Heb/1,Unleserlichkeit/1,,,,,,,Leichtigkeit/1
,,,Macmillan/1,Schleicher/1,,,Motive/1,,,,,Krell/1,,,,,Südfrankreich/1,Robert Neumann-Kopie/1,Vergnügen/1,,,,,,,Leute/1
,,,Manuskript/9,Schwerindustrie/1,,,Musik/1,,,,,Kulturkammer/1,,,,,Tage/2,Romain Rollands/1,Verlag/1,,,,,,,Liebe/1
,,,Manuskripts/1,Schützengräben/1,,,Nazis/1,,,,,Kurzgeschichte/1,,,,,Teil Frankreichs/1,Roman/4,Verleger/2,,,,,,,Lieben/1
,,,Markt/1,Sentiment/1,,,Niedergetrampelt/1,,,,,König Haber/1,,,,,Tournée/1,Romans/3,Vorbild/1,,,,,,,Lieber/2
,,,Material/1,Siege/1,,,Ortega/1,,,,,Köpfen/1,,,,,Tschechei/1,Sachkenntnis/1,Zeitung/1,,,,,,,Lüge/1
,,,Max Krell/1,Strasser/1,,,Partei/1,,,,,Künstler/1,,,,,Usa/1,Spannung/1,abschließen/1,,,,,,,Lügner/1
,,,Migros/1,Tod/1,,,Petljuragardisten/1,,,,,La condition humaine/1,,,,,Venedig/2,Spass/1,am CASANOVA/1,,,,,,,Max Rychner/1
,,,Mitarbeit/1,Totschlägern/1,,,Phänomen/1,,,,,Lektorat/1,,,,,Vergnuegen/1,Stellen/1,amputieren/1,,,,,,,Meine Frau/1
,,,Neuer Cäsar/1,Tragödie/1,,,Politik/1,,,,,Lektuere/1,,,,,Verlag/1,Stil/1,an dem ich schreibe/1,,,,,,,Menschen/1
,,,Nouvelle Revue Française/1,Treviranus/1,,,Problem/1,,,,,Lektüre /1,,,,,Wann/1,Stoff/1,arbeite/6,,,,,,,Mühe/1
,,,Novelle/2,Umsturz/1,,,Probleme/1,,,,,Lektüre/1,,,,,Wasserburg am Inn/1,Szene/1,arbeiten/2,,,,,,,Nachricht/1
,,,Novellen/1,Unglück von Deutschland/1,,,Proletariat/1,,,,,Lesebuch-Projekt/1,,,,,Weg/2,Talent/2,balkanischsten/1,,,,,,,Nachrichten/1
,,,Offenbach/2,Unschuldigen/1,,,Prosktuonsverhältnisse/1,,,,,Leser/2,,,,,Wiedersehen/1,Talentes/1,beenden/1,,,,,,,Nice/1
,,,Offenbachiade/1,Untergang/1,,,Ramuz/1,,,,,Lion Feuchtwanger/1,,,,,Wiedersehn/1,Text/1,begabt/1,,,,,,,Nähe/1
,,,Pariser/1,Verlust/1,,,Republique/1,,,,,Literaten/1,,,,,Wien/1,Titel/1,berichten/1,,,,,,,Personen/1
,,,Probekapitels/1,Verräter/1,,,Ressentimant/1,,,,,Literatur/5,,,,,Wo/1,Tonio Kröger/1,brachte/1,,,,,,,Pläne/2
,,,Prokurist/1,Voelkerbund/1,,,Roman/1,,,,,Literaturpreis/1,,,,,Woche/1,Tucholsky/1,darstellen/1,,,,,,,Propaganda/1
,,,Prospekt/1,Volkes/1,,,Russland/2,,,,,Lyriker/1,,,,,Wochen/2,Uebersetzungskalamität/1,der Gerechte/1,,,,,,,Queri/1
,,,Publikationen/1,Wohnung/1,,,Sklaven/2,,,,,Manuskript/5,,,,,Zeit/1,Unfug/1,deutschschreibenden Schriftsteller/1,,,,,,,Rates/1
,,,Qualität/2,Zeugnis ablegen/1,,,Sozialismus/2,,,,,Manuskripten/1,,,,,Zimmer/1,Unterhaltungsroman/1,drucken/1,,,,,,,Reifenberg/1
,,,Querido Verlag/1,abgeholt/1,,,Sprechweise/1,,,,,Material/1,,,,,Zuerich/1,Untertitel/1,einen Roman schuldig/1,,,,,,,Reise/1
,,,Querido-Anthologie/1,alljüdischen Eiferern/1,,,Status quo/1,,,,,Maupassant/1,,,,,Zürich/3,Urteil/1,entdecken/1,,,,,,,Reizendes/1
,,,Querido/3,deutsche/1,,,Toren Roms/1,,,,,Mauskript/1,,,,,abreisten/1,Verfasser/2,entstanden/1,,,,,,,Respekt/1
,,,Rascher/1,deutschen Emigranten/1,,,Traditionen/1,,,,,Migros/1,,,,,angekommen/1,Vergnügen/3,erscheint/1,,,,,,,Ruf/1
,,,Rechte/1,deutschen Volk/1,,,Ueberpatrioten/1,,,,,Mitgift/1,,,,,arbeiten/1,Version/1,erschienen/1,,,,,,,Rücksicht/1
,,,Refüsierung/1,deutschen/1,,,Unannehmlichkeiten/1,,,,,Märchen/1,,,,,auszusteigen/1,Volk/1,erzähle/1,,,,,,,Schickele/2
,,,Reihe Bücher/1,deutschschreibenden Schriftsteller/1,,,Unaufrichtigkeit/1,,,,,Nachtrag/1,,,,,besuchen/1,Vorwort/1,erzählen/1,,,,,,,Schicksal/1
,,,Retournierung/1,diktieren/1,,,Unruhe stiften/1,,,,,Nietzsche/2,,,,,billig und gut/1,Wahrheit/1,erzählt/1,,,,,,,Schreiben/1
,,,Risikos/1,ehemaliger/1,,,Unsauberer/1,,,,,Notiz/2,,,,,bleiben/1,Wahrheitsliebe/1,fertig/5,,,,,,,Sehnsucht/1
,,,Roman/9,eingesperrt/1,,,Unterdrückung/2,,,,,Novelle/1,,,,,bleibt/1,Weise/1,französischer/1,,,,,,,Sekretaerin/1
,,,Romans/1,einmarschiert/1,,,Verhütung/1,,,,,Novellen/1,,,,,blieben/1,Werk/1,gedruckte/1,,,,,,,Selbstachtung/1
,,,Rückfragen/1,elend/1,,,Versklavung/1,,,,,Offenbachiade/1,,,,,dort/3,Werke/1,gelesen/1,,,,,,,Sie/4
,,,Rücksendung/1,emigrierten Juden/1,,,Verstoss/1,,,,,PEN-Congress/1,,,,,durch/1,Wirkung/1,gelingen/1,,,,,,,Sorgen/1
,,,S. Fischer-Verlag/1,erfochten/1,,,Voltaire/1,,,,,Pakt/1,,,,,entfliehen/1,Zeile/2,geschrieben/1,,,,,,,Spaziergang/1
,,,Sammlung/1,erschossenen/1,,,Zeichen/1,,,,,Pathetic Symphony/1,,,,,ergibt/1,Zeitschrift/1,halben/1,,,,,,,Stimmung/1
,,,Schein/1,fliehen/1,,,Zeiten/1,,,,,Peguy/1,,,,,fahre/3,aendern/1,hergestellt/1,,,,,,,Streit/1
,,,Schlusstermin/1,fragwürdige Land/1,,,Zeugnis ablegen/1,,,,,Poeten/1,,,,,fahren/6,amüsant/1,kein Buch/1,,,,,,,Telegramm/1
,,,Schreiben/1,fürchte/1,,,angehöre/1,,,,,Prager Aufsatz/1,,,,,fliegen/2,angemessen/1,komm/1,,,,,,,Th Mann/1
,,,Schriften/1,grauenhaft/1,,,bezaubernd schoenen/1,,,,,Preisnovellen/1,,,,,fort/2,angenehm/1,komplett/1,,,,,,,Tiefensicht/1
,,,Schriftsteller/2,gröbste Hirn/1,,,bürgerlichen Freiheit/1,,,,,Presse/1,,,,,fortkomme/1,angeschaut/1,konzentrieren/1,,,,,,,Treue/1
,,,Sebastian Brant/1,heimlich/1,,,contra/1,,,,,Probekapitels/1,,,,,fuhr/1,anmerkungsweise/1,langsam/2,,,,,,,Unaufrichtigkeit/1
,,,Seiten/1,korrumpiert/1,,,demokratischen/1,,,,,Prosaist/1,,,,,führe/1,auf einem anderen Blatt/1,lese/1,,,,,,,Ungezogenheit/1
,,,Sendung/1,leugnest/1,,,deutschen Emigration/1,,,,,Publishers/1,,,,,gefahren/1,ausgezeichneten/1,lesen/2,,,,,,,Unsachlichkeit/1
,,,Stoff/1,marschierten/1,,,dialektische/1,,,,,Quellenmaterial/1,,,,,gefallen/1,bedeutende/1,mache/1,,,,,,,Unser/1
,,,Suhrkamp/2,merkt/1,,,diktatorischen Antidiktatorianer/1,,,,,Regler/1,,,,,gehe/1,beglückwünsche/1,meine Produktion/1,,,,,,,Unwahrheit/1
,,,Thomas Mann/1,nationalsozialistisch/1,,,diktatorischen/1,,,,,Renaissance/1,,,,,gehn/1,beraten/1,meiner Bücher/1,,,,,,,Urgroﬂvaters Schickele/1
,,,Tschaikowsky/1,nationalsozialistisches Regime/1,,,einfielen/1,,,,,Robert Neumann/1,,,,,gekommen/1,besprechen wurde/1,mitzuarbeiten/1,,,,,,,Verachtung/1
,,,Uebersetzer/1,neudeutsche/1,,,gekämpft/1,,,,,Romain Rollands/1,,,,,heimfahren/2,bewundere/1,neu schreiben/1,,,,,,,Verbindung/1
,,,Uebersetzungen/1,nicht überlebt/1,,,gesellschaftliches/1,,,,,Roman/11,,,,,hier/1,biographische/1,schauerlich/1,,,,,,,Verbindungen/1
,,,Ullstein Franz/1,obersten Gerichtsherrn/1,,,heimlich/1,,,,,Romane/1,,,,,hinfahren/1,blass/1,schreibe/1,,,,,,,Verehrung/1
,,,Ullstein/1,preußischen/1,,,kleinzukriegen/1,,,,,Romanes/1,,,,,ich will/1,bürgerliche/1,schreiben/4,,,,,,,Vergnügen/1
,,,Unterbringung/1,schlimme/1,,,kombattante Teil/1,,,,,Romanfiguren/1,,,,,im Sommer sehen/1,dankbarst/1,schrieb/1,,,,,,,Verhalten/1
,,,Unternehmen/1,traurig/1,,,kommunistisch/1,,,,,Romans/5,,,,,im/1,druckreif/1,schrieben/1,,,,,,,Verlobungsbriefchen/1
,,,Verfügung/1,tschechisch/1,,,kommunistische/1,,,,,Roth/1,,,,,in Florenz geblieben/1,eigenwillige/1,senden/1,,,,,,,Vernuegen/1
,,,Verhandlungen/2,undeutsch/1,,,kommunistischen Antikommunisten/1,,,,,Satire/1,,,,,in/5,emfinden/1,stetig/1,,,,,,,Verständnis/1
,,,Verkauf/2,verabscheue/1,,,kommunistischen/3,,,,,Schickele Preis/2,,,,,kleinen Pension/1,empfand/1,suchten/1,,,,,,,Verübeln/1
,,,Verlag/19,verabscheut/1,,,kuschten/1,,,,,Schriftsteller/2,,,,,komme/2,empfehlenswert/1,unveröffentlichte/1,,,,,,,Vorsatz/1
,,,Verlage/3,verboten/1,,,leben/1,,,,,Shakespeare/1,,,,,kommen/5,entzückt/1,verfassten/1,,,,,,,Vorwürfe/1
,,,Verlagen/3,verdächtige/1,,,leftist/1,,,,,Stefan Zweig/1,,,,,kämen/1,erscheint/2,verwerten/1,,,,,,,Wandlung/2
,,,Verlages/1,verkehrten Nazis/1,,,leichtfertigen/1,,,,,Stiftung/1,,,,,lange/2,erweist/1,veröffentlicht/1,,,,,,,Wie/2
,,,Verlags-Unterhandlungen/1,verstricken Europa/1,,,lenken/1,,,,,Stimmung/1,,,,,mer/1,erzählen/1,vorletzten/1,,,,,,,Woche/1
,,,Verlags/2,verurteilt/1,,,liberaler/1,,,,,Stoff/3,,,,,mit/1,fade/1,vorwärts/1,,,,,,,Wohnung/2
,,,Verlagsangelegenheiten/1,vorzeigen/1,,,materiellen/1,,,,,Stueck/1,,,,,morgen/2,fand/2,warte/1,,,,,,,Worte/1
,,,Verlagsfrage/1,wirken/1,,,nationalistischen/1,,,,,Stuecke/1,,,,,nach/14,fatal/1,zu schreiben/1,,,,,,,Wunsch/1
,,,Verlagsgründung/1,zurückkam/1,,,nicht-kommunistischen/1,,,,,Szene/1,,,,,nachgeschickt/1,feiner/1,Übersetzung/1,,,,,,,Zeit/1
,,,Verlagsunternehmen/1,öffentlich/1,,,nicht-nationalistischen/1,,,,,Szenik/1,,,,,nächste Woche/1,finde/1,übersetzt/3,,,,,,,Zirkel/1
,,,Verleger/8,überzeugten Bolschewiken/1,,,niedergeschien/1,,,,,Thomas Manns/1,,,,,paar Monate/1,frech/1,übersetzer/1,,,,,,,Zusammensein/1
,,,Verlegerfesseln/2,Übergang/1,,,politisch/1,,,,,Thomas Mannschen/1,,,,,reisen/2,freundlich/1,,,,,,,,abholt/1
,,,Verlegern/2,,,,politische/1,,,,,Titel/1,,,,,reservirt/2,fände/1,,,,,,,,allein/2
,,,Vertrag/2,,,,pro/1,,,,,Titeln/1,,,,,sein/1,gefällt/3,,,,,,,,alles Liebe/1
,,,Vertreter/1,,,,quantitativen/1,,,,,Titels/1,,,,,trafen/1,geglückt/1,,,,,,,,am Herzen liegt/1
,,,Verträge/2,,,,revolutionären/1,,,,,Tragöden-schluss/1,,,,,treffen/2,gekürzt/3,,,,,,,,auszutauschen/1
,,,Verzeichnis/1,,,,räumlich/1,,,,,Tragödie/1,,,,,unternehmen/1,gelesen/1,,,,,,,,bald/1
,,,Veröffentlichung/1,,,,schicksalsmässig/1,,,,,Tschaikowsky/1,,,,,unterwegs/2,gescheiter/1,,,,,,,,bedauere/1
,,,Veröffentlichungen/1,,,,unglücklichen/1,,,,,Uebersetzung/1,,,,,verabschieden/1,gratulieren/1,,,,,,,,bedenken/1
,,,Vlg/1,,,,verboten/1,,,,,Uebersetzungen/1,,,,,verbringen/3,groﬂartig/1,,,,,,,,begeistert/1
,,,Vorabdruck/2,,,,verdreht/1,,,,,Uebersetzungskalamität/1,,,,,verlasse/1,gut/1,,,,,,,,beglückt/1
,,,Vorabdruckerlaubnis/1,,,,verlogen/1,,,,,Unterhaltungsroman/1,,,,,verlassen/3,gute/1,,,,,,,,begruesste/2
,,,Vorrede/1,,,,verpestet/1,,,,,Verfasser/1,,,,,viel Besuch/1,handeln/1,,,,,,,,begrüssen/1
,,,Vorschuss/2,,,,versklavt/1,,,,,Verlag Allert de Lange/1,,,,,warten/1,interessant/1,,,,,,,,beisammen/1
,,,Vortragstournee/1,,,,westliche/1,,,,,Verlag/1,,,,,werden/1,interessante/1,,,,,,,,bekannte/1
,,,Voss/1,,,,zweiten Generation/1,,,,,Verlags-Unterhandlungen/1,,,,,wieder in London/1,interessiert/1,,,,,,,,berichten/1
,,,Weimar-Reihe/1,,,,ändern/1,,,,,Verleger/1,,,,,wieder/1,langweilig/2,,,,,,,,berufliche/1
,,,Werk/4,,,,öffentlich/1,,,,,Veröffentlichungen/1,,,,,zahlen/1,lese/2,,,,,,,,besprachen/1
,,,Werke/1,,,,ökonomisch/1,,,,,Vorabdrucks/1,,,,,zurueckkommen/1,lieber/1,,,,,,,,besserem Kontakt/1
,,,Werks/1,,,,‹berzeugung/1,,,,,Vortrag/1,,,,,zurück/1,literarische Qualität/1,,,,,,,,besucht/1
,,,Wortbruch/1,,,,,,,,,Weimar-Reihe/1,,,,,zurückkehren/1,literarische/1,,,,,,,,besuchten/2
,,,Zustand/1,,,,,,,,,Werk/1,,,,,,literarischen/2,,,,,,,,bewundere/1
,,,abgeschlossen/1,,,,,,,,,Werken/1,,,,,,literatische/1,,,,,,,,bringst/1
,,,abschließen/1,,,,,,,,,Widmung/1,,,,,,lobe/1,,,,,,,,charmant/1
,,,beurteilen/1,,,,,,,,,Witwe Bosca/3,,,,,,miserabel/1,,,,,,,,danke ihnen/1
,,,bezahle/1,,,,,,,,,Wunder in Amerika/1,,,,,,missfiel/1,,,,,,,,danke/1
,,,bibliographisches/1,,,,,,,,,Yaddo/1,,,,,,missglückt/1,,,,,,,,degoutanteste/1
,,,buchhändlerisch/1,,,,,,,,,amerikanischen/1,,,,,,notwendig/1,,,,,,,,denke/1
,,,deutsche/1,,,,,,,,,anfragen/1,,,,,,passend/1,,,,,,,,disputieren/1
,,,deutschen/1,,,,,,,,,artistische/1,,,,,,peinlich/1,,,,,,,,dumme/1
,,,deutscher Autoren/1,,,,,,,,,ausgedruckt/1,,,,,,peripherisch/1,,,,,,,,durcheinander/1
,,,drucken/1,,,,,,,,,bekundet/1,,,,,,prüfen/1,,,,,,,,einander/1
,,,druckt/2,,,,,,,,,biographische/1,,,,,,reizvoll/1,,,,,,,,eingeladen/1
,,,englisch-amerikanische/1,,,,,,,,,book/1,,,,,,representativer/1,,,,,,,,einsam/1
,,,erhalten/1,,,,,,,,,das Buch/1,,,,,,rühme/1,,,,,,,,einverstanden/1
,,,erscheinen/8,,,,,,,,,deutschen Autoren/1,,,,,,schildern/1,,,,,,,,empfinde/1
,,,erscheint/3,,,,,,,,,deutschen Verlag/1,,,,,,schillernden/1,,,,,,,,empfänglich/1
,,,erschienen/3,,,,,,,,,dichterische/1,,,,,,schlecht/1,,,,,,,,erfreuen/1
,,,explizit/1,,,,,,,,,drucken/1,,,,,,schreiben/2,,,,,,,,erfreulich/1
,,,formaler/1,,,,,,,,,druckreif/1,,,,,,schrieben/1,,,,,,,,erkannte/1
,,,frcs/2,,,,,,,,,epischen/1,,,,,,sehr/1,,,,,,,,erleben/1
,,,fremdsprachigen/1,,,,,,,,,erscheinen/1,,,,,,sollte/1,,,,,,,,erreicht/1
,,,geschäftlich/1,,,,,,,,,erscheint/1,,,,,,sympathisch/1,,,,,,,,es/1
,,,geschäftlichen/1,,,,,,,,,erschienen/1,,,,,,todlangweilig/1,,,,,,,,fehlen/2
,,,illustrieren/1,,,,,,,,,erworben/1,,,,,,unepisch/1,,,,,,,,frechen/1
,,,in Druck/1,,,,,,,,,erzählen /1,,,,,,unreifen/1,,,,,,,,freue/3
,,,kaufen/2,,,,,,,,,erzählt/1,,,,,,unwürdiger/1,,,,,,,,freundlich/2
,,,kündigen/1,,,,,,,,,freue/1,,,,,,vielbedeutenden/1,,,,,,,,freundschaftlich/1
,,,lesbar/1,,,,,,,,,gebunden/1,,,,,,vortrefflich/1,,,,,,,,freundschaftliche/2
,,,literarische/1,,,,,,,,,gefallen/1,,,,,,wirkungsvoll/1,,,,,,,,freundschaftlicher/1
,,,neuen Roman/1,,,,,,,,,gekommen/1,,,,,,wunderbar/1,,,,,,,,freut/1
,,,publizieren/1,,,,,,,,,gekürzt/1,,,,,,zufrieden/1,,,,,,,,fühlenden/1
,,,schreiben/3,,,,,,,,,gelesen/2,,,,,,zweideutige/1,,,,,,,,fühlst/1
,,,verkaufen/1,,,,,,,,,handeln/1,,,,,,öden/1,,,,,,,,geantwortet/1
,,,verkauft/1,,,,,,,,,herausgebracht/1,,,,,,überraschenden/1,,,,,,,,gefreut/1
,,,verkaufte/1,,,,,,,,,hermetische Auseinandersetzung/1,,,,,,,,,,,,,,gefühlsmässig/1
,,,verlegt/1,,,,,,,,,historischen Romane/1,,,,,,,,,,,,,,gegenteilig/1
,,,vermitteln/1,,,,,,,,,historischen/1,,,,,,,,,,,,,,geht/2
,,,vorgelegen/1,,,,,,,,,holländischen/1,,,,,,,,,,,,,,gehört/1
,,,zahlt/2,,,,,,,,,illustrieren/1,,,,,,,,,,,,,,gemeinsame/1
,,,Übersetzung/1,,,,,,,,,interessanten/1,,,,,,,,,,,,,,gemeinsamen/1
,,,übersetzen/1,,,,,,,,,kaufen/1,,,,,,,,,,,,,,gemeldet/1
,,,übersetztes/1,,,,,,,,,kleinen Buch/1,,,,,,,,,,,,,,geminsam/1
,,,,,,,,,,,,künstlerisch/1,,,,,,,,,,,,,,gern/2
,,,,,,,,,,,,lesbar/1,,,,,,,,,,,,,,geschrieben/1
,,,,,,,,,,,,lese/4,,,,,,,,,,,,,,gesehen/2
,,,,,,,,,,,,lesen/3,,,,,,,,,,,,,,gewärmt/1
,,,,,,,,,,,,literarisch/1,,,,,,,,,,,,,,glauben/1
,,,,,,,,,,,,literarische/1,,,,,,,,,,,,,,glaubten/1
,,,,,,,,,,,,literarischen/2,,,,,,,,,,,,,,glücklich/1
,,,,,,,,,,,,novel/1,,,,,,,,,,,,,,gut geht/1
,,,,,,,,,,,,prize/1,,,,,,,,,,,,,,gut getan/1
,,,,,,,,,,,,prüfen/1,,,,,,,,,,,,,,herzlich/1
,,,,,,,,,,,,schicken/1,,,,,,,,,,,,,,hier/1
,,,,,,,,,,,,schildern/1,,,,,,,,,,,,,,hoerte/1
,,,,,,,,,,,,schreiben/2,,,,,,,,,,,,,,hoffe/1
,,,,,,,,,,,,schreibt/1,,,,,,,,,,,,,,hoffen/1
,,,,,,,,,,,,schrieb/1,,,,,,,,,,,,,,höre/1
,,,,,,,,,,,,schrieben/3,,,,,,,,,,,,,,hören/1
,,,,,,,,,,,,short Story/1,,,,,,,,,,,,,,ihretwegen/1
,,,,,,,,,,,,sprechen/1,,,,,,,,,,,,,,innere Verbindung/1
,,,,,,,,,,,,unepisch/1,,,,,,,,,,,,,,innigem Vergnügen/1
,,,,,,,,,,,,wirken/1,,,,,,,,,,,,,,kameradschaftlich/1
,,,,,,,,,,,,Übersetzung/1,,,,,,,,,,,,,,kameradschaftliches/1
,,,,,,,,,,,,öffentlich/1,,,,,,,,,,,,,,kennen lernte/1
,,,,,,,,,,,,übersetztes/1,,,,,,,,,,,,,,kennen/1
,,,,,,,,,,,,,,,,,,,,,,,,,,kennt/2
,,,,,,,,,,,,,,,,,,,,,,,,,,kommen/1
,,,,,,,,,,,,,,,,,,,,,,,,,,korrespondiert/2
,,,,,,,,,,,,,,,,,,,,,,,,,,kämen/1
,,,,,,,,,,,,,,,,,,,,,,,,,,leben/1
,,,,,,,,,,,,,,,,,,,,,,,,,,leid/3
,,,,,,,,,,,,,,,,,,,,,,,,,,lieb/2
,,,,,,,,,,,,,,,,,,,,,,,,,,lieben Brief/1
,,,,,,,,,,,,,,,,,,,,,,,,,,lieben/1
,,,,,,,,,,,,,,,,,,,,,,,,,,lieber/3
,,,,,,,,,,,,,,,,,,,,,,,,,,liegt/1
,,,,,,,,,,,,,,,,,,,,,,,,,,meine Gedanken/1
,,,,,,,,,,,,,,,,,,,,,,,,,,meine Lieben/2
,,,,,,,,,,,,,,,,,,,,,,,,,,meinetwegen/1
,,,,,,,,,,,,,,,,,,,,,,,,,,menschlich/2
,,,,,,,,,,,,,,,,,,,,,,,,,,menschliche/1
,,,,,,,,,,,,,,,,,,,,,,,,,,mitkäme/1
,,,,,,,,,,,,,,,,,,,,,,,,,,nach dem Rechten sehen/1
,,,,,,,,,,,,,,,,,,,,,,,,,,nett/2
,,,,,,,,,,,,,,,,,,,,,,,,,,nette/1
,,,,,,,,,,,,,,,,,,,,,,,,,,nicht zumuten/1
,,,,,,,,,,,,,,,,,,,,,,,,,,nimmst/1
,,,,,,,,,,,,,,,,,,,,,,,,,,nützlicher/1
,,,,,,,,,,,,,,,,,,,,,,,,,,persönlich/2
,,,,,,,,,,,,,,,,,,,,,,,,,,privat/1
,,,,,,,,,,,,,,,,,,,,,,,,,,private/1
,,,,,,,,,,,,,,,,,,,,,,,,,,reagieren/1
,,,,,,,,,,,,,,,,,,,,,,,,,,reizend/1
,,,,,,,,,,,,,,,,,,,,,,,,,,reizenden Abend/1
,,,,,,,,,,,,,,,,,,,,,,,,,,reizender/1
,,,,,,,,,,,,,,,,,,,,,,,,,,reizendes/1
,,,,,,,,,,,,,,,,,,,,,,,,,,rät/1
,,,,,,,,,,,,,,,,,,,,,,,,,,rührend/1
,,,,,,,,,,,,,,,,,,,,,,,,,,rührendste/1
,,,,,,,,,,,,,,,,,,,,,,,,,,sagen/1
,,,,,,,,,,,,,,,,,,,,,,,,,,sah/1
,,,,,,,,,,,,,,,,,,,,,,,,,,sahn/1
,,,,,,,,,,,,,,,,,,,,,,,,,,schade/1
,,,,,,,,,,,,,,,,,,,,,,,,,,schreib/1
,,,,,,,,,,,,,,,,,,,,,,,,,,schreiben/1
,,,,,,,,,,,,,,,,,,,,,,,,,,schrieb/2
,,,,,,,,,,,,,,,,,,,,,,,,,,schrieben/1
,,,,,,,,,,,,,,,,,,,,,,,,,,schwer/1
,,,,,,,,,,,,,,,,,,,,,,,,,,schön/1
,,,,,,,,,,,,,,,,,,,,,,,,,,schönen Dank/1
,,,,,,,,,,,,,,,,,,,,,,,,,,sehen/7
,,,,,,,,,,,,,,,,,,,,,,,,,,sentimental/1
,,,,,,,,,,,,,,,,,,,,,,,,,,sprachen/1
,,,,,,,,,,,,,,,,,,,,,,,,,,streite/1
,,,,,,,,,,,,,,,,,,,,,,,,,,subjektiven/1
,,,,,,,,,,,,,,,,,,,,,,,,,,sähen/1
,,,,,,,,,,,,,,,,,,,,,,,,,,telefonisch/1
,,,,,,,,,,,,,,,,,,,,,,,,,,traf/2
,,,,,,,,,,,,,,,,,,,,,,,,,,trafen/1
,,,,,,,,,,,,,,,,,,,,,,,,,,treffen/3
,,,,,,,,,,,,,,,,,,,,,,,,,,treu/1
,,,,,,,,,,,,,,,,,,,,,,,,,,treuen/1
,,,,,,,,,,,,,,,,,,,,,,,,,,trinken/2
,,,,,,,,,,,,,,,,,,,,,,,,,,tue/1
,,,,,,,,,,,,,,,,,,,,,,,,,,unfair/1
,,,,,,,,,,,,,,,,,,,,,,,,,,unfeine/1
,,,,,,,,,,,,,,,,,,,,,,,,,,unfreundliche/1
,,,,,,,,,,,,,,,,,,,,,,,,,,ungerechte/1
,,,,,,,,,,,,,,,,,,,,,,,,,,uns/1
,,,,,,,,,,,,,,,,,,,,,,,,,,unser Schicksal/1
,,,,,,,,,,,,,,,,,,,,,,,,,,unsere Adresse/1
,,,,,,,,,,,,,,,,,,,,,,,,,,unsere Freundin/1
,,,,,,,,,,,,,,,,,,,,,,,,,,unsere/1
,,,,,,,,,,,,,,,,,,,,,,,,,,verabschieden/1
,,,,,,,,,,,,,,,,,,,,,,,,,,vergeben/1
,,,,,,,,,,,,,,,,,,,,,,,,,,vergessen/1
,,,,,,,,,,,,,,,,,,,,,,,,,,verlassen/1
,,,,,,,,,,,,,,,,,,,,,,,,,,verlebten/1
,,,,,,,,,,,,,,,,,,,,,,,,,,verlogen/1
,,,,,,,,,,,,,,,,,,,,,,,,,,vermisst/1
,,,,,,,,,,,,,,,,,,,,,,,,,,vernehmen/1
,,,,,,,,,,,,,,,,,,,,,,,,,,versichert/1
,,,,,,,,,,,,,,,,,,,,,,,,,,verstehe/2
,,,,,,,,,,,,,,,,,,,,,,,,,,verteidigt/2
,,,,,,,,,,,,,,,,,,,,,,,,,,von Herzen gefreut/1
,,,,,,,,,,,,,,,,,,,,,,,,,,von Herzen/1
,,,,,,,,,,,,,,,,,,,,,,,,,,von Ihnen/1
,,,,,,,,,,,,,,,,,,,,,,,,,,von Ihrem/1
,,,,,,,,,,,,,,,,,,,,,,,,,,von einander/1
,,,,,,,,,,,,,,,,,,,,,,,,,,von/1
,,,,,,,,,,,,,,,,,,,,,,,,,,wieder/1
,,,,,,,,,,,,,,,,,,,,,,,,,,wiederzusehen/2
,,,,,,,,,,,,,,,,,,,,,,,,,,wiederzusehn/1
,,,,,,,,,,,,,,,,,,,,,,,,,,wir/2
,,,,,,,,,,,,,,,,,,,,,,,,,,wirkliche Liebe/1
,,,,,,,,,,,,,,,,,,,,,,,,,,wohl/1
,,,,,,,,,,,,,,,,,,,,,,,,,,wortlos/1
,,,,,,,,,,,,,,,,,,,,,,,,,,wunderschönen Ausflug/1
,,,,,,,,,,,,,,,,,,,,,,,,,,wünsche/1
,,,,,,,,,,,,,,,,,,,,,,,,,,wütend/1
,,,,,,,,,,,,,,,,,,,,,,,,,,zum Opfer gefallen/1
,,,,,,,,,,,,,,,,,,,,,,,,,,zurückkehren/1
,,,,,,,,,,,,,,,,,,,,,,,,,,zurückliegenden/1
,,,,,,,,,,,,,,,,,,,,,,,,,,zusammen/1
,,,,,,,,,,,,,,,,,,,,,,,,,,zusammengebracht/1
,,,,,,,,,,,,,,,,,,,,,,,,,,zusammensitzen/1
,,,,,,,,,,,,,,,,,,,,,,,,,,zusammentreffen/1
,,,,,,,,,,,,,,,,,,,,,,,,,,zwischen uns/1
